{
  "color": 0.9969230769230769,
  "combined": 1.0,
  "contamination": 1.0,
  "crack": 0.9349112426035504,
  "faulty_imprint": 0.9898785425101215,
  "pill_type": 1.0,
  "scratch": 0.9647435897435898
}