{
  "Image_AUROC": 0.9817239498090562,
  "Pixel_AUROC": 0.9775239242898597,
  "Pixel_AP": 0.4886794009898884,
  "AUPRO": 0.8980990190228424
}