Method,Dataset,Category,I_AUROC,I_AP,I_F1max,P_AUROC,P_AP,P_F1max,PRO,checkpoint_step,denoise_step,input_threshold,v,min_step
GLAD,MVTec-AD,bottle,100.0,100.0,100.0,98.65,85.25,78.5,96.1,2500,750,0.32,0,350
GLAD,MVTec-AD,cable,99.1,99.42999999999999,96.81,98.0,66.72,64.42,93.54,1500,750,0.4,0,350
GLAD,MVTec-AD,capsule,99.6,99.92,98.64,98.64,53.7,55.03,94.98,2000,600,0.4,0,350
GLAD,MVTec-AD,pill,94.57,98.59,96.14,97.77,75.2,70.14,97.56,1500,750,0.35,0,350
GLAD,MVTec-AD,grid,100.0,100.0,100.0,99.52,53.76,54.89000000000001,98.17,3000,750,0.47,0,350
