Method,Dataset,Category,I_AUROC,I_AP,I_F1max,P_AUROC,P_AP,P_F1max,PRO,checkpoint_step,denoise_step,input_threshold,v,min_step
GLAD,MVTec-AD,bottle,100.0,100.0,100.0,98.71,85.5,78.68,96.15,2500,750,0.32,0,350
GLAD,MVTec-AD,cable,99.19,99.56,97.21,98.11999999999999,68.61,66.05,94.01,1500,750,0.4,0,350
GLAD,MVTec-AD,capsule,98.48,99.66000000000001,97.76,98.54,53.669999999999995,54.279999999999994,94.24,2000,600,0.4,0,350
GLAD,MVTec-AD,pill,98.69,99.76,97.22,97.89999999999999,75.99000000000001,70.8,97.6,1500,750,0.35,0,350
GLAD,MVTec-AD,grid,100.0,100.0,100.0,99.57000000000001,54.669999999999995,55.76,98.33,3000,750,0.47,0,350
