{
  "Image_AUROC": 1.0,
  "Pixel_AUROC": 0.971624808298723,
  "Pixel_AP": 0.5572026549794971,
  "AUPRO": 0.8898994278006322
}