{
  "Image_AUROC": 0.9844435580374951,
  "Pixel_AUROC": 0.9860498975332114,
  "Pixel_AP": 0.3317429644481083,
  "AUPRO": 0.9191379552583088
}