{
  "crack": 0.9810964083175803,
  "faulty_imprint": 0.9920948616600791,
  "poke": 0.9813664596273292,
  "scratch": 0.9508506616257089,
  "squeeze": 1.0
}