{
  "Image_AUROC": 0.9724512743628186,
  "Pixel_AUROC": 0.9823094665660796,
  "Pixel_AP": 0.660392305359043,
  "AUPRO": 0.9074294758150938
}