{
  "bent_wire": 0.9986737400530503,
  "cable_swap": 0.9985632183908045,
  "combined": 0.9968652037617555,
  "cut_inner_insulation": 0.9778325123152709,
  "cut_outer_insulation": 0.9793103448275862,
  "missing_cable": 1.0,
  "missing_wire": 0.9741379310344828,
  "poke_insulation": 0.8793103448275862
}