{
  "Image_AUROC": 1.0,
  "Pixel_AUROC": 0.9819495168419807,
  "Pixel_AP": 0.24613952344200712,
  "AUPRO": 0.9358896740679148
}